Issuer,BinCount,Note
AEBC INDIA - GSTAR CONS REVOLVE,102,no picker match
"YATRA ONLINE, LTD.",100,not-a-bank filter
AKBAR TRAVELS,100,not-a-bank filter
RUPAY PLATINUM,61,not-a-bank filter
SARASWAT CO-OPERATIVE BANK,58,no picker match
RUPAY CREDIT PLATINUM,58,not-a-bank filter
RUPAY CREDIT SUPER PLATINUM,58,not-a-bank filter
"SBM BANK (INDIA), LTD.",57,no picker match
TAMILNADU STATE APEX CO-OPERATIVE BANK,50,no picker match
GUJARAT STATE CO-OPERATIVE BANK,49,no picker match
AMERICAN EXPRESS,38,no picker match
ODISHA STATE CO-OPERATIVE BANK,38,no picker match
KARNATAKA STATE CO-OPERATIVE APEX BANK,37,no picker match
WEST BENGAL STATE CO-OPERATIVE BANK,34,no picker match
AEBC INDIA GSTAR CORP,33,no picker match
SHAMRAO VITHAL CO-OPERATIVE BANK,32,no picker match
THANE JANATA SAHAKARI BANK,32,no picker match
"THE HONGKONG AND SHANGHAI BANKING CORPORATION, LTD.",28,no picker match
RUPAY SUPER PLATINUM,28,not-a-bank filter
RUPAY CLASSIC,22,not-a-bank filter
JAMMU AND KASHMIR BANK,21,no picker match
CATHOLIC SYRIAN BANK,17,no picker match
SBM BANK,17,no picker match
AEBC INDIA GLOBESTAR CONSUMER CHARGE,15,no picker match
BARCLAYS BANK PLC,15,no picker match
"CITIBANK, N.A.",15,no picker match
"THOMAS COOK (INDIA), LTD.",14,no picker match
TAMILNADU MERCANTILE BANK,14,no picker match
"DEVELOPMENT CREDIT BANK, LTD.",13,no picker match
DEVELOPMENT BANK OF SINGAPORE,13,no picker match
DEUTSCHE BANK AG,12,no picker match
ANDHRA BANK,11,no picker match
"BOBCARD, LTD.",10,no picker match
"RATNAKAR BANK, LTD.",9,no picker match
GOPINATH PATIL PARSIK JANATA SAHAKARI BANK,9,no picker match
COSMOS CO-OPERATIVE BANK,9,no picker match
FINCARE SMALL FINANCE BANK,9,no picker match
PUNJAB & MAHARASHTRA CO-OPERATIVE BANK,8,no picker match
APNA SAHAKARI BANK,7,no picker match
MAESTRO INTERNATIONAL,7,not-a-bank filter
"THE SARASWAT CO-OPERATIVE BANK, LTD.",6,no picker match
"DHANALAKSHMI BANK, LTD.",6,no picker match
"BC CARD CO., LTD.",6,no picker match
SHIVALIK MERCANTILE CO-OPERATIVE BANK,6,no picker match
A.P. MAHESH CO-OPERATIVE URBAN BANK,6,no picker match
KALUPUR COMMERCIAL CO-OPERATIVE BANK,6,no picker match
RUPAY CREDIT CLASSIC,6,not-a-bank filter
ASIA-PACIFIC REGION,5,no picker match
"JAMMU AND KASHMIR BANK, LTD.",5,no picker match
BASSEIN CATHOLIC CO-OPERATIVE BANK,5,no picker match
MEHSANA URBAN CO-OPERATIVE BANK,5,no picker match
JANASEVA SAHAKARI BANK,5,no picker match
KALLAPPANNA AWADE ICHALKARANJI JANATA SAHAKARI BANK,5,no picker match
GREATER BOMBAY CO-OPERATIVE BANK,5,no picker match
MAHANAGAR CO-OPERATIVE BANK,5,no picker match
"TJSB SAHAKARI BANK, LTD.",4,no picker match
"LIVQUIK TECHNOLOGY (INDIA) PRIVATE, LTD.",4,not-a-bank filter
"THE COSMOS CO-OP BANK, LTD.",4,no picker match
"HONG KONG AND SHANGHAI BANKING CORP., LTD.",4,no picker match
PUNJAB AND MAHARASHTRA CO-OPERATIVE BANK LTD.,4,no picker match
"FIRSTRAND BANK, LTD.",4,no picker match
WOORI BANK,4,no picker match
"BANK OF AMERICA, NATIONAL ASSOCIATION",4,no picker match
DOMBIVLI NAGARI SAHAKARI BANK,4,no picker match
JANAKALYAN SAHAKARI BANK,4,no picker match
KARAD URBAN CO-OPERATIVE BANK,4,no picker match
SURAT PEOPLE'S CO-OPERATIVE BANK,4,no picker match
ABHYUDAYA CO-OPERATIVE BANK,4,no picker match
JANATA SAHAKARI BANK (PUNE),4,no picker match
THANE BHARAT SAHAKARI BANK,4,no picker match
RAJKOT NAGARIK SAHAKARI BANK,4,no picker match
KALYAN JANATA SAHAKARI BANK,4,no picker match
VASAI VIKAS SAHAKARI BANK,4,no picker match
TELANGANA STATE CO-OPERATIVE APEX BANK,4,no picker match
NKGSB CO-OPERATIVE BANK,4,no picker match
DISCOVER BANK,4,no picker match
ORIENTAL BANK OF COMMERCE,3,no picker match
"PINE LABS PRIVATE, LTD.",3,no picker match
"EBIXCASH WORLD MONEY, LTD.",3,no picker match
AE BANKING CORP - INDIA TVL,3,no picker match
"TRANSCORP INTERNATIONAL, LTD.",3,no picker match
"HONGKONG AND SHANGHAI BANKING CORP., LTD.",3,no picker match
"CENTURION BANK OF PUNJAB, LTD.",3,no picker match
"BOB FINANCIAL SOLUTIONS, LTD.",3,not-a-bank filter
DEUTSCHE BANK AG INDIA,3,no picker match
NUTAN NAGARIK SAHAKARI BANK,3,no picker match
QATAR NATIONAL BANK,3,no picker match
"UNIMONI FINANCIAL SERVICES, LTD.",3,no picker match
DEBIT ISIS,3,no picker match
THANE DISTRICT CENTRAL CO-OPERATIVE BANK,3,no picker match
"OBOPAY MOBILE TECHNOLOGY INDIA PVT, LTD.",2,not-a-bank filter
"NEW INDIA CO-OPERATIVE BANK, LTD.",2,no picker match
AMERICAN EXPRESS COMPANY,2,no picker match
AEBC INDIA PREPAID CARDS,2,no picker match
SKYWALKER,2,no picker match
"NEW INDIA COOPERATIVE BANK, LTD.",2,no picker match
LAKSHMI VILAS BANK,2,no picker match
"PAYU PAYMENTS PRIVATE, LTD.",2,no picker match
"THE NORTH KANARA GOUD SARASWAT BRAHMIN CO-OPERATIVE BANK, LTD.",2,no picker match
"CATHOLIC SYRIAN BANK, LTD.",2,no picker match
VAHO FOREX PVT. LTD.,2,no picker match
"NIUM FOREX INDIA PRIVATE, LTD.",2,no picker match
SHINHAN BANK,2,no picker match
"INTERPAYMENT SERVICES, LTD.",2,no picker match
"THE LAKSHMI VILAS BANK, LTD.",2,no picker match
"EBIX PAYMENT SERVICES PRIVATE, LTD.",2,no picker match
SOLAPUR JANATA SAHAKARI BANK,2,no picker match
HASTI CO-OPERATIVE BANK,2,no picker match
DOHA BANK QSC,2,no picker match
"FINCARE SMALL FINANCE BANK, LTD.",2,no picker match
MUNICIPAL CO-OPERATIVE BANK,2,no picker match
AHMEDABAD MERCANTILE CO-OPERATIVE BANK,2,no picker match
ALMORA URBAN CO-OPERATIVE BANK,2,no picker match
ANDHRA PRADESH STATE CO-OPERATIVE BANK,2,no picker match
MUMBAI DISTRICT CENTRAL CO-OPERATIVE BANK,2,no picker match
KANGRA CENTRAL CO-OPERATIVE BANK,2,no picker match
MAHARASHTRA STATE CO-OPERATIVE BANK,2,no picker match
CITIZEN CREDIT CO-OPERATIVE BANK,2,no picker match
BANK OF BAHREIN AND KUWAIT,2,no picker match
BARAMATI SAHAKARI BANK,2,no picker match
COASTAL LOCAL AREA BANK,2,no picker match
IDUKKI DISTRICT CO-OPERATIVE BANK,2,no picker match
BHARATIYA MAHILA BANK,2,no picker match
BHARAT CO-OPERATIVE BANK,2,no picker match
NEW INDIA CO-OPERATIVE BANK,2,no picker match
INDUSTRIAL BANK OF KOREA,2,no picker match
"THE COSMOS COOPERATIVE BANK, LTD.",1,no picker match
"TRANSACTION ANALYSTS INDIA PVT, LTD.",1,no picker match
"EURONET SERVICES INDIA PRIVATE, LTD.",1,no picker match
MPOWER (INTERNAL ONLY),1,no picker match
AEON VIRTUAL PAY,1,no picker match
ATLANTA,1,no picker match
MILWAUKEE (IN),1,no picker match
KALUPUR COMMERCIAL BANK,1,no picker match
"DOHA BANK, LTD.",1,no picker match
ICBC INDIA,1,no picker match
EMIRATES NBD BANK (P.J.S.C.),1,no picker match
"OXIGEN SERVICES INDIA PVT., LTD.",1,no picker match
"REVOLUT FOREX INDIA PVT, LTD.",1,no picker match
"GE MONEY FINANCIAL SERVICES, LTD.",1,no picker match
"GE COUNTRYWIDE CONSUMER FINANCIAL SERVICES, LTD.",1,no picker match
"ABN AMRO BANK, N.V.",1,no picker match
"REPUBLIC BANK (GHANA), LTD.",1,no picker match
"PROVISIONAL BID - GARAGEPRENEURS INTERNET PRIVATE, LTD.",1,no picker match
"STATE BANK OF MAURITIUS, LTD.",1,no picker match
SVC CO-OPERATIVE BANK LTD.,1,no picker match
"DREAMPURSE TECHNOLOGIES PRIVATE, LTD.",1,not-a-bank filter
BANK OF NOVA SCOTIA,1,no picker match
KEB HANA BANK,1,no picker match
"TRI O TECH SOLUTIONS PRIVATE, LTD.",1,not-a-bank filter
"THE BHARAT CO-OPERATIVE BANK (MUMBAI), LTD.",1,no picker match
"CITIBANK, NATIONAL ASSOCIATION",1,no picker match
"SHAMRAO VITHAL CO-OPERATIVE BANK, LTD.",1,no picker match
AFGHAN UNITED BANK,1,no picker match
"LAKSHMI VILAS BANK, LTD.",1,no picker match
"BHUTAN NATIONAL BANK, LTD.",1,no picker match
INTL HDQTRS-CENTER OWNED,1,no picker match
"COSMOS CO-OP BANK, LTD.",1,no picker match
"COSMOS CO-OPERATIVE BANK, LTD.",1,no picker match
"ADARSH CO-OPERATIVE BANK, LTD. RAJASTAN",1,no picker match
VIDHARBHA KONKAN GRAMIN BANK,1,no picker match
BNP PARIBAS,1,no picker match
FCM TRAVEL SOLUTIONS (I) PVT. LTD.,1,not-a-bank filter
"OLA FINANCIAL SERVICES PRIVATE, LTD.",1,no picker match
"ROYAL BANK OF SCOTLAND, N.V.",1,no picker match
"SBI CARDS & PAYMENT SERVICES PVT., LTD.",1,not-a-bank filter
"QWIKCILVER SOLUTIONS PVT, LTD.",1,not-a-bank filter
"BHARATIYA MAHILA BANK, LTD.",1,no picker match
ALLAHABAD BANK,1,no picker match
"NKGSB CO-OPERATIVE BANK, LTD.",1,no picker match
BANK OF CEYLON,1,no picker match
DEPARTMENT OF POSTS,1,no picker match
"SAHEBRAO DESHMUKH CO-OP. BANK, LTD.",1,no picker match
"NAKODAR HINDU URBAN CO-OPERATIVE BANK, LTD.",1,no picker match
"KANGRA CENTRAL CO-OPERATIVE BANK, LTD.",1,no picker match
BHARAT CO-OPERATIVE BANK (MUMBAI)LTD.,1,no picker match
"MAPUSA URBAN CO-OPERATIVE BANK OF GOA, LTD., MAPUSA",1,no picker match
"YASHWANT NAGARI SAHAKARI BANK, LTD., LATUR",1,no picker match
ADITYA BIRLA IDEA PAYMENTS BANK,1,no picker match
KERALA GRAMIN BANK,1,no picker match
PRAGATHI KRISHNA GRAMIN BANK,1,no picker match
NATIONAL PAYMENTS CORPORATION OF INDIA,1,no picker match
"CITI BANK, N.A.",1,no picker match
"SHRI BASAVESHWAR SAHAKARI BANK NYT., BAGALKOT",1,no picker match
"VIVEKANAND NAGRIK SAHAKARI BANK MYDT.,SHUJALPUR",1,no picker match
"MADGAUM URBAN CO-OPERATIVE BANK, LTD., GOA",1,no picker match
"KARAD JANATA SAHAKARI BANK, LTD.",1,no picker match
"MODERN CO-OP. BANK, LTD., CHALISGAON, JALGAON",1,no picker match
"NEW INDIA CO-OPERATIVE BANK, LTD., MUMBAI",1,no picker match
"AMBALA CENTRAL CO-OPERATIVE BANK, LTD., AMBALA (HARYANA)",1,no picker match
"JANSEVA NAGARI SAHAKARI BANK MARYADIT, BHOOM",1,no picker match
"NAVABHARAT CO-OPERATIVE URBAN BANK, LTD.",1,no picker match
"HASTI CO-OPERATIVE BANK, LTD.",1,no picker match
"YASHWANT CO-OPERATIVE BANK, LTD., PHALTAN",1,no picker match
"CITIZENS URBAN CO-OPERATIVE BANK, LTD., JALANDHAR",1,no picker match
"SHIVDAULAT SAHAKARI BANK, LTD., SATARA",1,no picker match
"SONEPAT URBAN CO-OPERATIVE BANK, LTD.",1,no picker match
"BHADGAON PEOPLE'S CO-OPERATIVE BANK, LTD., BHADGAON",1,no picker match
"BEAWAR URBAN CO-OPERATIVE BANK, LTD., RAJASTHAN",1,no picker match
"AGRASEN NAGARI SAHAKARI BANK, LTD., AKOLA",1,no picker match
"RAIGAD SAHAKARI BANK, LTD., KALACHOWKI, MUMBAI",1,no picker match
"WASHIM URBAN CO-OPERATIVE BANK, LTD., WASHIM",1,no picker match
"UNION CO-OPERATIVE BANK, LTD., NARODA",1,no picker match
"KUTCH CO-OPERATIVE BANK, LTD., MUMBAI",1,no picker match
"MANTHA URBAN CO-OPERATIVE BANK, LTD., MANTHA",1,no picker match
"CHANDRAPUR DISTRICT CENTRAL CO-OPERATIVE BANK, LTD.",1,no picker match
"JILA SAHAKARI KENDRIYA BANK MARYADIT, SIDHI (M.P.)",1,no picker match
"JILA SAHAKARI KENDRIYA BANK MARYADIT, REWA (M.P.)",1,no picker match
"JILA SAHAKARI KENDRIYA BANK MARYADIT, DATIA (M.P.)",1,no picker match
"MAHAMEDHA URBAN CO-OPERATIVE BANK, LTD., GHAJIABAD (U.P.)",1,no picker match
"OJHAR MERCHANTS' CO-OPERATIVE BANK, LTD., OJHAR",1,no picker match
"PIMPALGAON MERCHANT'S CO-OPERATIVE BANK, LTD.",1,no picker match
"DURGA CO-OPERATIVE URBAN BANK, LTD., VIJAYAWADA",1,no picker match
"KASARAGOD DISTRICT CO-OPERATIVE BANK, LTD., KERALA",1,no picker match
"DELHI STATE CO-OPERATIVE BANK, LTD., NEW DELHI",1,no picker match
"KANNUR DISTRICT CO-OPERATIVE BANK, LTD., KERALA",1,no picker match
"IDFC BANK, LTD.",1,no picker match
PUNJAB GRAMIN BANK,1,no picker match
"ANANTAPUR CO-OPERATIVE TOWN BANK, LTD., ANANTAPUR",1,no picker match
"SANMITRA SAKAKARI BANK, LTD., MUMBAI",1,no picker match
"BIRDEO SAHAKARI BANK, LTD., ICHALKARANJI",1,no picker match
ASSAM GRAMIN VIKASH BANK,1,no picker match
"THE GHATAL PEOPLES COOPERATIVE BANK, LTD.",1,no picker match
"LILUAH CO-OPERATIVE BANK, LTD.",1,no picker match
"THE BIJNOR URBAN CO OPERATIVE BANK, LTD.",1,no picker match
"BALOTRA URBAN CO-OPERATIVE BANK, LTD.",1,no picker match
"UMIYA URBAN CO OPERATIVE BANK, LTD.",1,no picker match
"NAGRIK SAHAKARI BANK, LTD.",1,no picker match
"THE PONDICHERRY STATE CO-OP BANK, LTD.",1,no picker match
"THE PALAKKAD DISTRICT CO OP BANK, LTD.",1,no picker match
"STERLING URBAN CO OPERATIVE BANK, LTD.",1,no picker match
"THE KUKARWADA NAGARIK SAHAKARI BANK, LTD.",1,no picker match
"THE MAHUDHA NAGARIK SAHAKARI BANK, LTD.",1,no picker match
"THE NAVNIRMAN CO-OPERATIVE BANK, LTD.",1,no picker match
"BRAMHAPURI URBAN CO OPERATIVE BANK, LTD.",1,no picker match
NAGARIK SAHAKARI BANK MARYADIT DURG,1,no picker match
"PALI URBAN CO OPERATIVE BANK, LTD.",1,no picker match
"SHRI CHHANI NAGRIK SAHKARI BANK, LTD.",1,no picker match
"THE RAJPUTANA MAHILA URBAN CO OPERATIVE BAK, LTD.",1,no picker match
"THE BARODA CITY CO OPERATIVE BANK, LTD.",1,no picker match
"BALASINOR NAGARIK SAHAKARI BANK, LTD.",1,no picker match
"THE SARVODAYA SAHAKARI BANK, LTD.",1,no picker match
"SARDARGANJ MERCANTILE CO OPERATIVE BANK, LTD.",1,no picker match
"ETAH DISTRICT COOPERATIVE BANK, LTD.",1,no picker match
"RAJLAXMI URBAN CO OPERATIVE BANK, LTD.",1,no picker match
"CITIZEN CO OPERATIVE BANK, LTD.",1,no picker match
"CHURU ZILA URBAN CO OPERATIVE BANK, LTD.",1,no picker match
"THE TEXTILE CO OPERATIVE BANK OF SURAT, LTD.",1,no picker match
"THE BHAGYODAYA CO OPERATIVE BANK, LTD.",1,no picker match
"THE KACHCHH DISTRICT CENTRAL CO OPERATIVE BANK, LTD.",1,no picker match
"SIHOR NAGARIK SAHAKARI BANK, LTD.",1,no picker match
JIVAJI SAHAKARI BANK LTD ICHALKARANJI,1,no picker match
"CITIZENS CO-OPERATIVE BANK, LTD.",1,no picker match
"KASHIPUR URBAN CO OPERATIVE BANK, LTD.",1,no picker match
"UNITED MERCANTILE CO OPERATIVE BANK, LTD.",1,no picker match
"KASHMIR MERCANTILE CO OPERATIVE BANK, LTD.",1,no picker match
"THE BORAL UNION CO OPERATIVE BANK, LTD.",1,no picker match
"UMA CO OPERATIVE BANK, LTD.",1,no picker match
"THE FINANCIAL CO OPERATIVE BANK, LTD.",1,no picker match
"THE VAISH CO-OPERATIVE NEW BANK, LTD.",1,no picker match
"SIKAR URBAN CO OPERATIVE BANK, LTD.",1,no picker match
"SHREE BHAVNAGAR NAGRIK SAHAKARI BANK, LTD.",1,no picker match
"THE UNITED CO OPERATIVE BANK, LTD.",1,no picker match
THE SINGHBHUM DISTRICT CENTRAL CO-OPERATIVE BANK,1,no picker match
"SIHOR MERCANTILE CO-OPERATIVE BANK, LTD.",1,no picker match
"THE PANCHMAHAL DISTRICT CO OPERATIVE BANK, LTD.",1,no picker match
DISTRICT CO OPERATIVE BANK LTD SAHARANPUR,1,no picker match
"BHATPARA NAIHATI CO OPERATIVE BANK, LTD.",1,no picker match
"THE BAIDYABATI SHEORAPHULI CO OPERATIVE BANK, LTD.",1,no picker match
SHUSHRUTI SOUHARDA SAHAKARA BANK NIYAMITA,1,no picker match
CHARTERED SAHAKARI BANK NIYAMITHA,1,no picker match
"JIVAN COMMERCIAL CO OPERATIVE BANK, LTD.",1,no picker match
"THE KALNA TOWN CREDIT COOPERATIVE BANK, LTD.",1,no picker match
"THE PANCHSHEEL MERCANTILE CO-OP BANK, LTD.",1,no picker match
"THE INDUSTRIAL CO-OPERATIVE BANK, LTD.",1,no picker match
"THE SANTRAGACHI CO OPERATIVE BANK, LTD.",1,no picker match
DEVELOPMENT CO OPERATIVE BANK LTD KANPUR,1,no picker match
"KHALILABAD NAGAR SAHKARI BANK, LTD.",1,no picker match
"UTTRAKHAND COOPERATIVE BANK, LTD.",1,no picker match
"MARATHA COOPERATIVE BANK, LTD.",1,no picker match
"LUCKNOW URBAN CO-OPERATIVE BANK, LTD.",1,no picker match
"RAJDHANI NAGAR SAHKARI BANK, LTD.",1,no picker match
"VYAVSAYAK SAHKARI BANK, LTD.",1,no picker match
"SHREE BALAJI URBAN CO OPERATIVE BANK, LTD.",1,no picker match
"HIMATNAGAR NAGARIK SAHAKARI BANK, LTD.",1,no picker match
"THE MANSA NAGARIK SAHAKARI BANK, LTD.",1,no picker match
THE ICHALKARANJI MERCHANTS COOP BANK,1,no picker match
"THE KARAN URBAN CO-OPERATIVE BANK, LTD.",1,no picker match
"NAGINA URBAN CO OPERATIVE BANK, LTD.",1,no picker match
"THE DHANBAD CENTRAL COOPERATIVE BANK, LTD.",1,no picker match
"THE NABADWIP CO-OPERATIVE CREDIT BANK, LTD.",1,no picker match
"PALUS SAHAKARI BANK, LTD.",1,no picker match
"APANI SAHAKARI BANK, LTD.",1,no picker match
"THE VAISH CO OPERATIVE ADARSH BANK, LTD.",1,no picker match
"THE VISAKHAPATNAM CO-OPERATIVE BANK, LTD.",1,no picker match
"NIDHI CO OPERATIVE BANK, LTD.",1,no picker match
"THE KHATTRI COOPERATIVE URBAN BANK, LTD.",1,no picker match
"THE DHANERA MERCANTILE CO OP BANK, LTD.",1,no picker match
BHARATI SAHAKARI BANK LTD. PUNE,1,no picker match
"RANILAXMIBAI URBAN CO-OPERATIVE BANK, LTD.",1,no picker match
"DELHI NAGRIK SEHKARI BANK, LTD.",1,no picker match
"ADV.SHAMRAOJI SHINDE SATYASHODHAK BANK, LTD.",1,no picker match
"OMKAR NAGREEYA SAHKARI BANK, LTD.",1,no picker match
THE PATAN URBAN CO-OP BANK LTD PATAN,1,no picker match
"M.S.CO-OPERATIVE BANK, LTD.",1,no picker match
"NAGAR SAHKARI BANK, LTD.",1,no picker match
RENDAL SAHAKARI BANK LTD RENDAL,1,no picker match
"NOIDA COMMERCIAL CO-OPERATIVE BAK, LTD.",1,no picker match
"BHAVANI SAHAKARI BANK, LTD.",1,no picker match
"THE GANDHIDHAM CO OPERATIVE BANK, LTD.",1,no picker match
"THE KOYLANCHAL URBAN CO-OPERATIVE BANK, LTD.",1,no picker match
SHREE VARDHAMAN SAHAKARI BANK LTD.,1,no picker match
"KONOKLOTA MAHILA URBAN COOP BANK, LTD.",1,no picker match
LAXMI MAHILA NAGRIK SAHAKARI BANK MARYADIT,1,no picker match
NAGAR SAHAKARI BANK LTD. GORAKHPUR,1,no picker match
VIKRAMADITYA NAGRIK SAHAKARI BANK,1,no picker match
"SULAIMANI COOP BANK, LTD.",1,no picker match
"THE COMMERCIAL CO-OPERATIVE BANK, LTD.",1,no picker match
"ETAH URBAN COOPERATIVE BANK, LTD.",1,no picker match
"RAMGARHIA CO-OPERATIVE BANK, LTD.",1,no picker match
"COMMERCIAL COOP BANK, LTD.",1,no picker match
"THE GADHINGLAJ URBAN CO-OP BANK, LTD.",1,no picker match
THE CITIZENS CO OPERATIVE BANK LTD JAMMU,1,no picker match
"OSMANABAD JANATA SAHAKARI BANK, LTD.",1,no picker match
"THE UNAVA NAGRIK SAHAKARI BANK, LTD.",1,no picker match
THE CHAMBA URBAN COOPERATIVE BANK LTD CHAMBA,1,no picker match
"SANGLI SAHAKARI BANK, LTD.",1,no picker match
"THE PRODDATUR COOPERATIVE TOWN BANK, LTD.",1,no picker match
"RAJKOT PEOPLES COOPERATIVE BANK, LTD.",1,no picker match
"DHAKURIA CO OPERATIVE BANK, LTD.",1,no picker match
"SAWAI MADHOPUR URBAN CO OPERATIVE BANK, LTD.",1,no picker match
"WARDHA ZILLA PARISHAD EMP URBAN CO-OP BANK, LTD.",1,no picker match
THE SARVODAYA COOP BANK LTD MUMBAI,1,no picker match
"S S L S A KURUNDWAD URBAN BANK, LTD.",1,no picker match
"510 ARMY BASE W/S CREDIT COOP PRIMARY BANK, LTD.",1,no picker match
"THE GAUHATI CO-OPERATIVE URBAN BANK, LTD.",1,no picker match
"THE JAMNAGAR DISTRICT COOP BANK, LTD.",1,no picker match
"THE MANMANDIR CO-OP BANK, LTD.",1,no picker match
"THE JAMNAGAR PEOPLES COOPERATIVE BANK, LTD.",1,no picker match
"PROGRESSIVE URBAN CO-OPERATIVE BANK, LTD.",1,no picker match
JAYSINGPUR UDGAON SAHAKARI BANK LTD JAYSINGPUR,1,no picker match
"AMARNATH COOP BANK, LTD.",1,no picker match
THE JALGAON DISTRICT CENTRAL COOP BANK LTD JALGAON,1,no picker match
"JAGRUTI CO-OPERATIVE URBAN BANK, LTD.",1,no picker match
"THE CHITNAVISPURA SAHAKARI BANK, LTD.",1,no picker match
NANDANI SAHAKARI BANK LTD NANDANI,1,no picker match
"SHREE PARSWANATH CO-OPERATIVE BANK, LTD.",1,no picker match
MAHOBA URBAN COOPERATIVE BANK LTD MAHOBA,1,no picker match
ETAWAH URBAN COOPERATIVE BANK LTD ETAWAH,1,no picker match
"THE SARVODAYA NAGRIK SAHKARI BANK, LTD.",1,no picker match
"THE KALOL NAGARIK SAHAKARI BANK, LTD.",1,no picker match
URBAN COOPERATIVE BANK LTD MAINPURI,1,no picker match
"THE JAMNAGAR MAHILA SAHAKARI BANK, LTD.",1,no picker match
THE URBAN COOPERATIVE BANK LTD SAHARANPUR,1,no picker match
"THE VARDHAMAN CO-OP BANK, LTD.",1,no picker match
"THE DAUND URBAN CO-OP BANK, LTD.",1,no picker match
NUTAN NAGARI SAHAKARI BANK LTD ICHALKARANJI,1,no picker match
"THE VIRAMGAM MERCANTILE CO OPERATIVE BANK, LTD.",1,no picker match
"THE BAVLA NAGRIK SAHAKARI BANK, LTD.",1,no picker match
"THE HAZARIBAG CENTRAL CO-OPERATIVE BANK, LTD.",1,no picker match
"AP JANATA COOPERATIVE URBAN BANK, LTD.",1,no picker match
"NATIONAL URBAN COOPERATIVE BANK, LTD.",1,no picker match
"THE RANCHI KHUNTI CENTRAL COOPERATIVE BANK, LTD.",1,no picker match
"LIC EMPLOYEES CO-OPERATIVE BANK LTD,UDUPI",1,no picker match
DEOGHAR JAMTARA CENTRAL COOPERATIVE BANK DEOGHAR,1,no picker match
D.Y.PATIL SAHAKARI BANK LTD. KOLHAPUR,1,no picker match
KUMBHI KASARI SAHKARI BANK LTD KUDITRE,1,no picker match
THE JALNA PEOPLES COOP BANK LTD JALNA,1,no picker match
SADHANA SAHAKARI BANK LTD PUNE,1,no picker match
AHILYADEVI URBAN COOPERATIVE BANK LIMITED SOLAPUR,1,no picker match
SHRIKRISHNA COOPERATIVE BANK LTD UMRER,1,no picker match
"SARASWATI SAHAKARI BANK, LTD.",1,no picker match
"THE HOOGHLY COOPERATIVE CREDIT BANK, LTD.",1,no picker match
"THE CHOPDA PEOPLES COOP BANK, LTD.",1,no picker match
"NALBARI URBAN CO OPERATIVE BANK, LTD.",1,no picker match
JUGALKISHOR TAPDIYA SHREE MAHESH UCB AURANGABADLTD,1,no picker match
SIDDHESHWAR URBAN COOPERATIVE BANK MARYADIT SILLOD,1,no picker match
"BHAGYODAYA FRIENDS URBAN COOP BANK, LTD.",1,no picker match
SADGURU GAHININATH URBAN COOP BANK LTD AKLUJ,1,no picker match
KRISHNA SAHAKARI BANK LTD RETHARE BK,1,no picker match
"THE KHEDA PEOPLE'S CO-OPERATIVE BANK, LTD.",1,no picker match
"THE GANDHIDHAM MERCANTILE CO-OPERATIVE BANK, LTD.",1,no picker match
THE KODOLI URBAN CO-OP BANK LTD KODOLI,1,no picker match
URBAN COOPERATIVE BANK LTD BUDAUN,1,no picker match
"THE NANDED DISTRICT CENTRAL CO-OPERATIVE BANK, LTD.",1,no picker match
"SHREE THYAGARAJA CO-OPERATIVE BANK, LTD.",1,no picker match
"THE KHAMBHAT NAGARIK SAHAKARI BANK, LTD.",1,no picker match
"RESERVE BANK EMPLOYEES COOPERATIVE BANK, LTD.",1,no picker match
"SREE NARAYANA GURU COOPERATIVE BANK, LTD.",1,no picker match
"SHREE BOTAD MERCANTILE COOP BANK, LTD.",1,no picker match
"AKOLA MERCHANT COOPERATIVE BANK, LTD.",1,no picker match
"THE GUMLA SIMDEGA CENTRAL COOPERATIVE BANK, LTD.",1,no picker match
"DAUSA URBAN COOPERATIVE BANK, LTD.",1,no picker match
KOHINOOR SAHAKARI BANK LTD ICHALKARANJI,1,no picker match
THE JANATA COOPERATIVE BANK LTD SADALGA,1,no picker match
NISHIGANDHA SAHAKARI BANK LTD.PANDHARPUR,1,no picker match
MAHILA NAGRIK SAHAKARI BANK MARYADIT MAHASAMUND,1,no picker match
"THE CHANASMA COMMERCIAL CO-OPERATIVE BANK, LTD.",1,no picker match
"THE UTTARPARA CO-OPERATIVE BANK, LTD.",1,no picker match
"RAJPIPLA NAGARIK SAHAKARI BANK, LTD.",1,no picker match
"THE JALNA DISTRICT CENTRAL COOP BANK, LTD.",1,no picker match
"THE LUNAWADA PEOPLES COOPERATIVE BANK, LTD.",1,no picker match
"THE BEED DISTRICT CENTRAL CO-OPERATIVE BANK, LTD.",1,no picker match
"NAGARIK SAHAKARI BANK MARYADIT,JAGDALPUR",1,no picker match
"THE JOWAI COOPERATIVE URBAN BANK, LTD.",1,no picker match
"ANURADHA URBAN CO-OPERATIVE BANK, LTD.",1,no picker match
THE AMBIKA MAHILA SAHAKARI BANK LTD. AHMEDNAGAR,1,no picker match
MAHESH URBANK CO-OP BANK LTD PARLI V.,1,no picker match
"RAVI COMMERCIAL URBAN CO OPERATIVE BANK, LTD.",1,no picker match
"THE SHILLONG COOPERATIVE URBAN BANK, LTD.",1,no picker match
"THE TEXTILE MANUFACTURERS COOPERATIVE BANK, LTD.",1,no picker match
THE UTTARSANDA PEOPLES COOP BANK LTD UTTARSANDA,1,no picker match
"THE SIND COOPERATIVE URBAN BANK, LTD.",1,no picker match
"THE BHUJ MERCENTILE COOP BANK, LTD.",1,no picker match
"THE PRAGATI COOPERATIVE BANK LTD.,THARA",1,no picker match
"DUMKA CENTRAL COOPERATIVE BANK, LTD.",1,no picker match
"LALBAUG CO-OPERATIVE BANK, LTD.",1,no picker match
"SRI BANASHANKARI MAHILA COOPERATIVE BANK, LTD.",1,no picker match
"OSMANABAD DISTRICT CENTRAL CO-OPERATIVE BANK, LTD.",1,no picker match
THE SARDARGUNJ MERCANTILE COOP BANK LTD PATAN,1,no picker match
"THE SATANA MERCHANTS COOPERATIVE BANK LTD., SATANA",1,no picker match
"MARKETYARD COMMERCIAL CO-OPBANK, LTD.",1,no picker match
"THE MOIRANG PRIMARY CO-OPERATIVE BANK, LTD.",1,no picker match
"MALVIYA URBAN CO OPERATIVE BANK, LTD.",1,no picker match
"VALMIKI URBAN CO-OP BANK LTD.,PATHRI",1,no picker match
"DEFENCE ACCOUNTS CO OP BANK, LTD.",1,no picker match
"THE ADINATH COOP BANK, LTD.",1,no picker match
"STATE TRANSPORT CO-OP BANK, LTD.",1,no picker match
"THE BAPUNAGAR MAHILA COOP BANK, LTD.",1,no picker match
"THE MALLESHWARAM CO-OP BANK, LTD.",1,no picker match
"SAMATA CO-OPERATIVE DEVELOPMENT BANK, LTD.",1,no picker match
VYAPARI SAHAKARI BANK MARYADIT SOLAPUR,1,no picker match
"JAIHIND URBAN CO-OP BANK LTD,WAKAD",1,no picker match
SHREE MAHALAXMI MERCANTILE COOP BANK LTD DABHOI,1,no picker match
BHIND NAGRIK SAHAKARI BANK MYDT,1,no picker match
"SHREE BHARAT COOP BANK, LTD.",1,no picker match
"KRISHNA MERCANTILE CO-OP BANK, LTD.",1,no picker match
LAXMI URBANCOOP BANK LTD LATUR,1,no picker match
"THE CO OPERATIVE CITY BANK, LTD.",1,no picker match
"THE BARODA TRADERS CO OP BANK, LTD.",1,no picker match
"THE SARANGPUR CO-OPERATIVE BANK, LTD.",1,no picker match
"THE BHADRAN PEOPLE'S CO-OPERATIVE BANK, LTD.",1,no picker match
"THE KARJAN NAGRIK SAHAKARI BANK, LTD.",1,no picker match
"PROGRESSIVE CO-OPERATIVE BANK, LTD.",1,no picker match
HARIHARESHWAR SAHAKARI BANK LTD WAI,1,no picker match
"KHARDAH COOPERATIVE BANK, LTD.",1,no picker match
"THE SEVALIA URBAN CO-OP BANK, LTD.",1,no picker match
THE JANATA CO OP BANK LTD GODHRA,1,no picker match
VAISHYA NAGARI SAHAKARI BANK LTD PARBHANI,1,no picker match
MAHESH URBAN CO-OPERATIVE BANK LTD PARBHANI,1,no picker match
SAIBABA NAGARI SAHAKARI BANK MARYADIT,1,no picker match
"THE BOTAD PEOPLES CO OPERATIVE BANK, LTD.",1,no picker match
"VIMA KAMGAR CO OPERATIVE BANK, LTD.",1,no picker match
"THE SHIMLA URBAN COOP BANK, LTD.",1,no picker match
UNITED INDIA CO OPERATIVE BANK LTD NAGINA,1,no picker match
